entity,record_pairs,records_both_present,records_gt_only,records_ex_only,records_both_missing,both_present_rate,sample_gt_only_keys,sample_ex_only_keys
income_lines,844,662,0,182,0,0.7843601895734598,,"HH000018_I1,HH000018_I2,HH000059_I1,HH000059_I2,HH000174_I1"
liabilities,305,272,0,33,0,0.8918032786885246,,"HH000018_L1,HH000018_L2,HH000018_L3,HH000226_L1,HH000226_L2"
protection_policies,196,190,0,6,0,0.9693877551020408,,"POLICY_HH000174_1,POLICY_HH000174_2,P1,P2,P3"
assets,1564,1557,0,7,0,0.9955242966751918,,"HH001908_A5,HH002044_A6,HH002171_A5,HH002321_A3,HH003034_A4"
people,564,564,0,0,0,1.0,,
households,316,316,0,0,0,1.0,,
