entity,record_pairs,records_both_present,records_gt_only,records_ex_only,records_both_missing,both_present_rate,sample_gt_only_keys,sample_ex_only_keys
liabilities,379,210,62,107,0,0.554089709762533,"HH000188_L2,HH000190_L2,HH000257_L1,HH000261_L2,HH000332_L2","liab_small_loan_1,HH000190_L1,0,1,2"
protection_policies,245,150,40,55,0,0.6122448979591837,"HH000188_PP1,HH000409_PP1,HH000569_PP1,HH000630_PP1,HH000653_PP1","0,1,pol_client1_ltc_1,0,1"
income_lines,858,662,0,196,0,0.7715617715617715,,"HH000018_I1,HH000018_I2,HH000059_I1,HH000059_I2,inc_client2_business_owner"
people,581,547,17,17,0,0.9414802065404475,"HH000188_P1,HH000188_P2,HH000463_P1,HH000463_P2,HH000996_P1","client_1,client_2,client_1,client_2,HH000996_client_1"
assets,1568,1553,4,11,0,0.9904336734693877,"HH001509_A1,HH002537_A1,HH004259_A1,HH004892_A1","HH001509_A3,HH001644_A2,HH001908_A6,HH002171_A4,HH002537_A3"
households,316,316,0,0,0,1.0,,
